Keyword,Rank,Top 10,Source,Country
python programming,10,true,YouTube,USA
python 7211p programming,9.5,false,YouTube,USA
python programming 101,9.5,false,YouTube,USA
python programming 2020,9.5,false,YouTube,USA
python programming 3.8,9.5,false,YouTube,USA
python programming 4/5,9.5,false,YouTube,USA
python programming bangla,9.5,false,YouTube,USA
python programming challenge,9.5,false,YouTube,USA
python programming documentary,9.5,false,YouTube,USA
python programming examples,9.5,false,YouTube,USA
python programming game,9.5,false,YouTube,USA
python programming hindi,9.5,false,YouTube,USA
python programming jobs,9.5,false,YouTube,USA
python programming knowledge,9.5,false,YouTube,USA
python programming mit,9.5,false,YouTube,USA
python programming network,9.5,false,YouTube,USA
python programming review,9.5,false,YouTube,USA
python programming song,9.5,false,YouTube,USA
python programming uses,9.5,false,YouTube,USA
python programming variables,9.5,false,YouTube,USA
python programming youtube,9.5,false,YouTube,USA
python programming zelle,9.5,false,YouTube,USA
python tutorial 5,9.5,false,YouTube,USA
python tutorial 6,9.5,false,YouTube,USA
python xml tutorial,9.5,false,YouTube,USA
python programming anisul islam,9.2,false,YouTube,USA
python programming for beginners,9.2,true,YouTube,USA
python programming interview questions,9.2,false,YouTube,USA
python programming on ipad,9.2,false,YouTube,USA
python programming tutorial,9.2,true,YouTube,USA
python programming tutorial bangla,9.2,false,YouTube,USA
python programming with pycharm,9.2,false,YouTube,USA
python tutorial 8 hours,9.2,false,YouTube,USA
python tutorial 9 hours,9.2,false,YouTube,USA
python 7154p programming,9,false,YouTube,USA
python programming 1,9,false,YouTube,USA
python programming 3.8.3,9,false,YouTube,USA
python programming asmr,9,false,YouTube,USA
python programming basics,9,false,YouTube,USA
python programming contest,9,false,YouTube,USA
python programming exercises,9,false,YouTube,USA
python programming for beginners bangla,9,false,YouTube,USA
python programming hacking,9,false,YouTube,USA
python programming language for beginners,9,false,YouTube,USA
python programming lecture,9,false,YouTube,USA
python programming microsoft,9,false,YouTube,USA
python programming net,9,false,YouTube,USA
python programming podcast,9,false,YouTube,USA
python programming projects,9,true,YouTube,USA
python programming projects for beginners,9,false,YouTube,USA
python programming questions and answers,9,false,YouTube,USA
python programming quiz,9,false,YouTube,USA
python programming robotics,9,false,YouTube,USA
python programming salary,9,false,YouTube,USA
python programming udacity,9,false,YouTube,USA
python tutorial 8,9,false,YouTube,USA
python tutorial 9,9,false,YouTube,USA
python xlsxwriter tutorial,9,false,YouTube,USA
python programming 2020 pdf,8.8,false,YouTube,USA
python programming data analysis,8.8,false,YouTube,USA
python programming for finance,8.8,false,YouTube,USA
python programming in amharic,8.8,false,YouTube,USA
python programming john zelle,8.8,false,YouTube,USA
python programming khan academy,8.8,false,YouTube,USA
python programming vs java,8.8,false,YouTube,USA
python programming windows 10,8.8,false,YouTube,USA
python programming youtube videos,8.8,false,YouTube,USA
python tutorial 4 hours,8.8,false,YouTube,USA
python tutorial 5 games,8.8,false,YouTube,USA
python tutorial 6 hours,8.8,false,YouTube,USA
python tutorial za pocetnike,8.8,false,YouTube,USA
python 7145p programming,8.5,false,YouTube,USA
python programming #2,8.5,false,YouTube,USA
python programming 3.8.2,8.5,false,YouTube,USA
python programming beginners,8.5,false,YouTube,USA
python programming career,8.5,false,YouTube,USA
python programming explained,8.5,false,YouTube,USA
python programming full course,8.5,true,YouTube,USA
python programming games for beginners,8.5,false,YouTube,USA
python programming gui,8.5,false,YouTube,USA
python programming history,8.5,false,YouTube,USA
python programming mosh,8.5,false,YouTube,USA
python programming nptel,8.5,false,YouTube,USA
python programming playlist,8.5,false,YouTube,USA
python programming software,8.5,false,YouTube,USA
python programming tips,8.5,false,YouTube,USA
python programming tutorial - 1,8.5,false,YouTube,USA
python tutorial 4,8.5,false,YouTube,USA
python tutorial 53,8.5,false,YouTube,USA
python tutorial 68,8.5,false,YouTube,USA
python xlrd tutorial,8.5,false,YouTube,USA
python programming bangla tutorial,8.2,true,YouTube,USA
python programming derek banas,8.2,false,YouTube,USA
python programming in tamil,8.2,false,YouTube,USA
python programming kali linux,8.2,false,YouTube,USA
python programming language bangla,8.2,false,YouTube,USA
python programming on mac,8.2,false,YouTube,USA
python programming on raspberry pi 4,8.2,false,YouTube,USA
python programming using pycharm,8.2,false,YouTube,USA
python programming web development,8.2,false,YouTube,USA
python programming youtube channel,8.2,false,YouTube,USA
python programming 3,8,false,YouTube,USA
python programming ai,8,false,YouTube,USA
python programming app for android,8,false,YouTube,USA
python programming calculator,8,false,YouTube,USA
python programming dictionaries,8,false,YouTube,USA
python programming for class 8,8,false,YouTube,USA
python programming ideas,8,false,YouTube,USA
python programming jarvis,8,false,YouTube,USA
python programming job without degree,8,false,YouTube,USA
python programming minecraft,8,false,YouTube,USA
python programming questions for beginners,8,false,YouTube,USA
python programming raspberry pi 3,8,false,YouTube,USA
python programming stream,8,false,YouTube,USA
python programming videos,8,false,YouTube,USA
python programming visual studio code,8,false,YouTube,USA
python tutorial 45,8,false,YouTube,USA
python tutorial 59,8,false,YouTube,USA
python tutorial 60,8,false,YouTube,USA
python tutorial 7,8,false,YouTube,USA
python tutorial zero to hero,8,false,YouTube,USA
python xpath tutorial,8,false,YouTube,USA
python programming beginner tutorial,7.8,false,YouTube,USA
python programming class 9,7.8,false,YouTube,USA
python programming full course in bangla,7.8,false,YouTube,USA
python programming giraffe academy,7.8,false,YouTube,USA
python programming hello world,7.8,false,YouTube,USA
python programming kaise sikhe,7.8,false,YouTube,USA
python programming live stream,7.8,false,YouTube,USA
python programming nested loops,7.8,false,YouTube,USA
python programming on chromebook,7.8,false,YouTube,USA
python programming problem solving,7.8,false,YouTube,USA
python programming web scraping,7.8,false,YouTube,USA
python programming year 7,7.8,false,YouTube,USA
python tutorial 9 rock paper scissors,7.8,false,YouTube,USA
python tutorial zulkarnine mahmud,7.8,false,YouTube,USA
python programming 101 the beginner's guide pdf,7.5,false,YouTube,USA
python programming 360digitmg,7.5,false,YouTube,USA
python programming audiobook,7.5,false,YouTube,USA
python programming class 11 cbse,7.5,false,YouTube,USA
python programming concepts,7.5,false,YouTube,USA
python programming edureka,7.5,false,YouTube,USA
python programming examples and solutions,7.5,false,YouTube,USA
python programming for data science,7.5,false,YouTube,USA
python programming for kids,7.5,true,YouTube,USA
python programming girl,7.5,false,YouTube,USA
python programming hero,7.5,false,YouTube,USA
python programming intermediate,7.5,false,YouTube,USA
python programming jupyter,7.5,false,YouTube,USA
python programming lessons,7.5,false,YouTube,USA
python programming practice,7.5,false,YouTube,USA
python programming raspberry pi tutorial,7.5,false,YouTube,USA
python programming tutorials for beginners,7.5,false,YouTube,USA
python programming using visual studio,7.5,false,YouTube,USA
python tutorial 40,7.5,false,YouTube,USA
python tutorial 50,7.5,false,YouTube,USA
python tutorial 65,7.5,false,YouTube,USA
python xgboost tutorial,7.5,false,YouTube,USA
python zipline tutorial,7.5,false,YouTube,USA
programming python 2 garage door opener,7.2,false,YouTube,USA
python 2 programming tutorial,7.2,false,YouTube,USA
python programming class 12,7.2,false,YouTube,USA
python programming machine learning,7.2,false,YouTube,USA
python programming network automation,7.2,false,YouTube,USA
python programming questions asked in interview,7.2,false,YouTube,USA
python programming quiz aktu,7.2,false,YouTube,USA
python programming raspberry pi,7.2,false,YouTube,USA
python programming snake game,7.2,false,YouTube,USA
python programming time lapse,7.2,false,YouTube,USA
python programming using spyder,7.2,false,YouTube,USA
python tutorial 7 hours,7.2,false,YouTube,USA
python tutorial yahoo baba,7.2,false,YouTube,USA
python programming applications,7,false,YouTube,USA
python programming basics for beginners,7,false,YouTube,USA
python programming books,7,false,YouTube,USA
python programming class,7,false,YouTube,USA
python programming harvard,7,false,YouTube,USA
python programming interview,7,false,YouTube,USA
python programming jokes,7,false,YouTube,USA
python programming khan,7,false,YouTube,USA
python programming knowledge in tamil,7,false,YouTube,USA
python programming language,7,true,YouTube,USA
python programming on android phone,7,false,YouTube,USA
python programming overview,7,false,YouTube,USA
python programming pandas,7,false,YouTube,USA
python programming roadmap,7,false,YouTube,USA
python programming stanford,7,false,YouTube,USA
python programming tutorial - 9,7,false,YouTube,USA
python programming urdu,7,false,YouTube,USA
python programming vmc,7,false,YouTube,USA
python tutorial 41,7,false,YouTube,USA
python tutorial 54,7,false,YouTube,USA
python tutorial 67,7,false,YouTube,USA
python tutorial 70,7,false,YouTube,USA
python tutorial youtube,7,false,YouTube,USA
python xy tutorial,7,false,YouTube,USA
python zipfile tutorial,7,false,YouTube,USA
hello python programming 1/5,6.8,false,YouTube,USA
hello python programming 2/5,6.8,false,YouTube,USA
python 3 programming tutorial,6.8,false,YouTube,USA
python programming data structures and algorithms,6.8,false,YouTube,USA
python programming design patterns,6.8,false,YouTube,USA
python programming for beginners in hindi,6.8,false,YouTube,USA
python programming made easy,6.8,false,YouTube,USA
python programming naresh it,6.8,false,YouTube,USA
python programming video tutorials free download,6.8,false,YouTube,USA
python programming while loop,6.8,false,YouTube,USA
python programming exercises for beginners,6.5,false,YouTube,USA
python programming for network engineers,6.5,false,YouTube,USA
python programming graphical user interface,6.5,false,YouTube,USA
python programming tutorials (computer science,6.5,false,YouTube,USA
python programming what is it used for,6.5,false,YouTube,USA
python programming advanced,6.2,true,YouTube,USA
python programming in hindi,6.2,true,YouTube,USA
python programming language for beginners pdf,6.2,false,YouTube,USA
python programming language for class 9,6.2,false,YouTube,USA
python programming questions and answers pdf,6.2,false,YouTube,USA
python programming bootcamp,6,false,YouTube,USA
python programming environment,6,false,YouTube,USA
python programming google,6,false,YouTube,USA
python programming memes,6,false,YouTube,USA
python programming myanmar,6,true,YouTube,USA
python programming patterns,6,false,YouTube,USA
python programming with mosh,6,true,YouTube,USA
python tutorial 49,6,false,YouTube,USA
python tutorial 55,6,false,YouTube,USA
python tutorial 62,6,false,YouTube,USA
python tutorial 72,6,false,YouTube,USA
python tutorial yk,6,false,YouTube,USA
python xlwings tutorial,6,false,YouTube,USA
python zip tutorial,6,false,YouTube,USA
python 3.4 programming tutorials,5.8,false,YouTube,USA
python programming class 10,5.8,false,YouTube,USA
python programming corey schafer,5.8,false,YouTube,USA
python programming course,5.8,true,YouTube,USA
python programming for intermediates,5.8,false,YouTube,USA
python programming in action,5.8,false,YouTube,USA
python programming kya hai,5.8,false,YouTube,USA
python programming language documentary,5.8,false,YouTube,USA
python programming navin reddy,5.8,false,YouTube,USA
python programming quick guide,5.8,false,YouTube,USA
python programming space invaders,5.8,false,YouTube,USA
python programming tutorial 2020,5.8,false,YouTube,USA
python programming using notepad,5.8,false,YouTube,USA
python programming with vim,5.8,false,YouTube,USA
python programming how to start,5.5,false,YouTube,USA
python programming jobs entry level,5.5,false,YouTube,USA
python programming on macbook pro,5.5,false,YouTube,USA
python programming real world examples,5.5,false,YouTube,USA
python programming tutorial in hindi,5.5,false,YouTube,USA
python programming videos for beginners,5.5,false,YouTube,USA
python programming automate the boring stuff,5.2,false,YouTube,USA
python programming download for windows 10,5.2,false,YouTube,USA
python programming in bangla,5.2,true,YouTube,USA
python programming fundamentals,5,false,YouTube,USA
python programming hackerrank,5,false,YouTube,USA
python programming journey,5,false,YouTube,USA
python programming loops,5,false,YouTube,USA
python programming mac,5,false,YouTube,USA
python programming results,5,false,YouTube,USA
python programming series,5,false,YouTube,USA
python programming telusko,5,false,YouTube,USA
python programming udemy,5,false,YouTube,USA
python tutorial 42,5,false,YouTube,USA
python tutorial 51,5,false,YouTube,USA
python tutorial 64,5,false,YouTube,USA
python xarray tutorial,5,false,YouTube,USA
python zeep tutorial,5,false,YouTube,USA
python 3 programming coursera,4.8,false,YouTube,USA
python programming best practices,4.8,false,YouTube,USA
python programming crash course,4.8,false,YouTube,USA
python programming data structures,4.8,false,YouTube,USA
python programming gui examples,4.8,false,YouTube,USA
python programming in mobile,4.8,false,YouTube,USA
python programming kaise kare,4.8,false,YouTube,USA
python programming lesson 1,4.8,false,YouTube,USA
python programming new boston,4.8,false,YouTube,USA
python programming on iphone,4.8,false,YouTube,USA
python programming video course,4.8,false,YouTube,USA
python programming with vscode,4.8,false,YouTube,USA
python tutorial 7 hrs,4.8,false,YouTube,USA
python programming app for pc,4.5,false,YouTube,USA
python programming projects for intermediate,4.5,false,YouTube,USA
python programming tutorial - 22,4.5,false,YouTube,USA
python tutorial your first program,4.5,false,YouTube,USA
python programming essentials coursera quiz answers,4.2,false,YouTube,USA
python programming questions for class 12,4.2,false,YouTube,USA
python programming functions,4,false,YouTube,USA
python programming harshit,4,false,YouTube,USA
python programming linux,4,false,YouTube,USA
python programming notepad++,4,false,YouTube,USA
python programming problems,4,false,YouTube,USA
python programming socratica,4,false,YouTube,USA
python programming ubuntu,4,false,YouTube,USA
python tutorial 44,4,false,YouTube,USA
python tutorial 58,4,false,YouTube,USA
python tutorial 69,4,false,YouTube,USA
python xcode tutorial,4,false,YouTube,USA
python yfinance tutorial,4,false,YouTube,USA
python zmq tutorial,4,false,YouTube,USA
python programming a game,3.8,false,YouTube,USA
python programming course online,3.8,false,YouTube,USA
python programming data science,3.8,false,YouTube,USA
python programming game development,3.8,false,YouTube,USA
python programming intermediate level,3.8,false,YouTube,USA
python programming ke fayde,3.8,false,YouTube,USA
python programming myanmar pdf,3.8,false,YouTube,USA
python programming object oriented,3.8,false,YouTube,USA
python programming visual studio,3.8,false,YouTube,USA
python programming with atom,3.8,false,YouTube,USA
learn python programming - 1,3.5,false,YouTube,USA
python 3 programming tutorial sentdex,3.5,false,YouTube,USA
python programming books for beginners,3.5,false,YouTube,USA
python programming examples for beginners,3.5,false,YouTube,USA
python programming jobs from home,3.5,false,YouTube,USA
python programming quiz with answers,3.5,false,YouTube,USA
python programming raspberry pi 4,3.5,false,YouTube,USA
python programming the new boston,3.5,false,YouTube,USA
python programming tutorial - 24,3.5,false,YouTube,USA
python programming tutorial - 7,3.5,false,YouTube,USA
python 3d programming,3,false,YouTube,USA
python programming algorithms,3,false,YouTube,USA
python programming anaconda,3,false,YouTube,USA
python programming benefits,3,false,YouTube,USA
python programming competition,3,false,YouTube,USA
python programming deception,3,false,YouTube,USA
python programming download,3,false,YouTube,USA
python programming drawing,3,false,YouTube,USA
python programming drone,3,false,YouTube,USA
python programming engineering,3,false,YouTube,USA
python programming essentials,3,false,YouTube,USA
python programming excel,3,false,YouTube,USA
python programming expert,3,false,YouTube,USA
python programming gcse,3,false,YouTube,USA
python programming geeksforgeeks,3,false,YouTube,USA
python programming graphics,3,false,YouTube,USA
python programming gtu,3,false,YouTube,USA
python programming harry,3,false,YouTube,USA
python programming healthcare,3,false,YouTube,USA
python programming introduction,3,false,YouTube,USA
python programming json,3,false,YouTube,USA
python programming ks3,3,false,YouTube,USA
python programming learn,3,false,YouTube,USA
python programming lists,3,false,YouTube,USA
python programming malayalam,3,false,YouTube,USA
python programming modules,3,false,YouTube,USA
python programming notes,3,false,YouTube,USA
python programming numpy,3,false,YouTube,USA
python programming oop,3,false,YouTube,USA
python programming paradigms,3,false,YouTube,USA
python programming pycharm,3,false,YouTube,USA
python programming revision,3,false,YouTube,USA
python programming rules,3,false,YouTube,USA
python programming run,3,false,YouTube,USA
python programming sentdex,3,false,YouTube,USA
python programming setup,3,false,YouTube,USA
python programming structure,3,false,YouTube,USA
python programming trading,3,false,YouTube,USA
python programming trailer,3,false,YouTube,USA
python programming tricks,3,false,YouTube,USA
python programming universe,3,false,YouTube,USA
python programming usage,3,false,YouTube,USA
python quadratic programming,3,false,YouTube,USA
python quantum programming,3,false,YouTube,USA
python tutorial 43,3,false,YouTube,USA
python tutorial 46,3,false,YouTube,USA
python tutorial 48,3,false,YouTube,USA
python tutorial 52,3,false,YouTube,USA
python tutorial 57,3,false,YouTube,USA
python tutorial 63,3,false,YouTube,USA
python tutorial 66,3,false,YouTube,USA
python tutorial kannada,3,false,YouTube,USA
python tutorial kidscancode,3,false,YouTube,USA
python tutorial kudvenkat,3,false,YouTube,USA
python tutorial qazi,3,false,YouTube,USA
python tutorial quick,3,false,YouTube,USA
python tutorial zacatecnik,3,false,YouTube,USA
python yaml tutorial,3,false,YouTube,USA
python yolo tutorial,3,false,YouTube,USA
python 3 programming specialization,2.8,false,YouTube,USA
python network programming 12,2.8,false,YouTube,USA
python programming a robot,2.8,false,YouTube,USA
python programming advanced examples,2.8,false,YouTube,USA
python programming beginner projects,2.8,false,YouTube,USA
python programming beginners pdf,2.8,false,YouTube,USA
python programming clever programmer,2.8,false,YouTube,USA
python programming deep learning,2.8,false,YouTube,USA
python programming game tutorial,2.8,false,YouTube,USA
python programming hangman game,2.8,false,YouTube,USA
python programming harry potter,2.8,false,YouTube,USA
python programming how to,2.8,false,YouTube,USA
python programming jobs online,2.8,false,YouTube,USA
python programming language tutorial,2.8,false,YouTube,USA
python programming mit course,2.8,false,YouTube,USA
python programming mobile app,2.8,false,YouTube,USA
python programming neso academy,2.8,false,YouTube,USA
python programming nptel videos,2.8,false,YouTube,USA
python programming on linux,2.8,false,YouTube,USA
python programming project ideas,2.8,false,YouTube,USA
python programming related jobs,2.8,false,YouTube,USA
python programming simple projects,2.8,false,YouTube,USA
python programming sublime text,2.8,false,YouTube,USA
python programming university academy,2.8,false,YouTube,USA
python programming using anaconda,2.8,false,YouTube,USA
python programming video lectures,2.8,false,YouTube,USA
python programming videos download,2.8,false,YouTube,USA
python programming videos youtube,2.8,false,YouTube,USA
python programming vs c++,2.8,false,YouTube,USA
python programming with excel,2.8,false,YouTube,USA
python programming with gui,2.8,false,YouTube,USA
python programming with projects,2.8,false,YouTube,USA
python tutorial krish naik,2.8,false,YouTube,USA
python xml tutorial deutsch,2.8,false,YouTube,USA
python 3 programming for beginners,2.5,false,YouTube,USA
python 3 programming tutorial 10,2.5,false,YouTube,USA
python 3.7 programming for beginners,2.5,false,YouTube,USA
python chapter 6 programming exercises,2.5,false,YouTube,USA
python chapter 7 programming exercises,2.5,false,YouTube,USA
python programming beginner to advanced,2.5,false,YouTube,USA
python programming classes and objects,2.5,false,YouTube,USA
python programming course for beginners,2.5,false,YouTube,USA
python programming for beginners 2020,2.5,false,YouTube,USA
python programming for cyber security,2.5,false,YouTube,USA
python programming for leap year,2.5,false,YouTube,USA
python programming for web development,2.5,false,YouTube,USA
python programming in 5 minutes,2.5,false,YouTube,USA
python programming in real life,2.5,false,YouTube,USA
python programming jobs no experience,2.5,false,YouTube,USA
python programming language full course,2.5,false,YouTube,USA
python programming net web scraping,2.5,false,YouTube,USA
python programming on ipad pro,2.5,false,YouTube,USA
python programming on raspberry pi,2.5,false,YouTube,USA
python programming on windows 10,2.5,false,YouTube,USA
python programming problems with solutions,2.5,false,YouTube,USA
python programming tutorial - 11,2.5,false,YouTube,USA
python programming tutorial - 13,2.5,false,YouTube,USA
python programming tutorial - 25,2.5,false,YouTube,USA
python programming tutorial - 27,2.5,false,YouTube,USA
python programming tutorial - 29,2.5,false,YouTube,USA
python programming tutorial - 44,2.5,false,YouTube,USA
python programming tutorial - 6,2.5,false,YouTube,USA
python programming with excel automation,2.5,false,YouTube,USA
python web programming using xampp,2.5,false,YouTube,USA
python programming download for windows 7,2.2,false,YouTube,USA
python programming essentials week 4 project,2.2,false,YouTube,USA
python programming for 1st year engineering,2.2,false,YouTube,USA
python programming for finance p. 7,2.2,false,YouTube,USA
python programming in visual studio 2019,2.2,false,YouTube,USA
python programming jobs entry level salary,2.2,false,YouTube,USA
python programming jobs salary in india,2.2,false,YouTube,USA
python programming questions for class 11,2.2,false,YouTube,USA
python programming software for windows 7,2.2,false,YouTube,USA
python programming using problem solving approach,2.2,false,YouTube,USA
python programming videos by durga sir,2.2,false,YouTube,USA
python programming essentials week 2 quiz answers,2,false,YouTube,USA
python programming read a text file line by line and display each word separated by a #,1.2,false,YouTube,USA
